-- DM8 local test environment setup.
-- Run once as a database administrator in the local DMSERVER instance.
-- Local-only credentials; never reuse in production.

SET DEFINE OFF

-- Remove any complete or partially-created prior test environment.
DROP USER IF EXISTS "PLUGIN_TEST_USER" CASCADE;
DROP USER IF EXISTS "PLUGIN_TEST_OWNER" CASCADE;

CREATE USER "PLUGIN_TEST_OWNER" IDENTIFIED BY "PluginOwner_2026!";
GRANT CREATE SESSION TO "PLUGIN_TEST_OWNER";

CREATE USER "PLUGIN_TEST_USER" IDENTIFIED BY "PluginRead_2026!";
GRANT CREATE SESSION TO "PLUGIN_TEST_USER";

CREATE TABLE "PLUGIN_TEST_OWNER"."PLUGIN_TEST_USERS" (
    "ID" BIGINT NOT NULL,
    "USERNAME" VARCHAR(100) NOT NULL,
    "EMAIL" VARCHAR(255),
    "DEPARTMENT" VARCHAR(100),
    "SALARY" DECIMAL(12, 2),
    "CREATED_AT" TIMESTAMP NOT NULL,
    CONSTRAINT "PK_PLUGIN_TEST_USERS" PRIMARY KEY ("ID"),
    CONSTRAINT "UQ_PLUGIN_TEST_USERS_USERNAME" UNIQUE ("USERNAME")
);
CREATE INDEX "IDX_PLUGIN_TEST_USERS_DEPT" ON "PLUGIN_TEST_OWNER"."PLUGIN_TEST_USERS" ("DEPARTMENT");

CREATE TABLE "PLUGIN_TEST_OWNER"."PLUGIN_TEST_ORDERS" (
    "ID" BIGINT NOT NULL,
    "USER_ID" BIGINT NOT NULL,
    "PRODUCT_NAME" VARCHAR(200) NOT NULL,
    "AMOUNT" DECIMAL(12, 2) NOT NULL,
    "STATUS" VARCHAR(20) NOT NULL,
    "CREATED_AT" TIMESTAMP NOT NULL,
    CONSTRAINT "PK_PLUGIN_TEST_ORDERS" PRIMARY KEY ("ID"),
    CONSTRAINT "FK_PLUGIN_TEST_ORDERS_USER" FOREIGN KEY ("USER_ID")
        REFERENCES "PLUGIN_TEST_OWNER"."PLUGIN_TEST_USERS" ("ID"),
    CONSTRAINT "CHK_PLUGIN_TEST_ORDERS_STATUS"
        CHECK ("STATUS" IN ('completed', 'pending', 'cancelled'))
);
CREATE INDEX "IDX_PLUGIN_TEST_ORDERS_STATUS" ON "PLUGIN_TEST_OWNER"."PLUGIN_TEST_ORDERS" ("STATUS");
CREATE INDEX "IDX_PLUGIN_TEST_ORDERS_USER" ON "PLUGIN_TEST_OWNER"."PLUGIN_TEST_ORDERS" ("USER_ID");

CREATE TABLE "PLUGIN_TEST_OWNER"."PLUGIN_TEST_LOGS" (
    "ID" BIGINT NOT NULL,
    "EVENT_TYPE" VARCHAR(100) NOT NULL,
    "EVENT_MESSAGE" CLOB NOT NULL,
    "CREATED_AT" TIMESTAMP NOT NULL,
    CONSTRAINT "PK_PLUGIN_TEST_LOGS" PRIMARY KEY ("ID")
);
CREATE INDEX "IDX_PLUGIN_TEST_LOGS_CREATED" ON "PLUGIN_TEST_OWNER"."PLUGIN_TEST_LOGS" ("CREATED_AT");
CREATE INDEX "IDX_PLUGIN_TEST_LOGS_TYPE" ON "PLUGIN_TEST_OWNER"."PLUGIN_TEST_LOGS" ("EVENT_TYPE");

INSERT INTO "PLUGIN_TEST_OWNER"."PLUGIN_TEST_USERS" VALUES (1, 'Zhang Wei', 'zhang.wei@example.com', 'Engineering', 18500.00, TIMESTAMP '2025-01-03 09:15:00');
INSERT INTO "PLUGIN_TEST_OWNER"."PLUGIN_TEST_USERS" VALUES (2, 'Li Na', 'li.na@example.com', 'Product', 16200.50, TIMESTAMP '2025-01-05 10:30:00');
INSERT INTO "PLUGIN_TEST_OWNER"."PLUGIN_TEST_USERS" VALUES (3, 'Alice Smith', 'alice.smith@example.com', 'Engineering', 19800.00, TIMESTAMP '2025-01-07 08:45:00');
INSERT INTO "PLUGIN_TEST_OWNER"."PLUGIN_TEST_USERS" VALUES (4, 'Bob O''Connor', 'bob.oconnor@example.com', 'Sales', 14300.00, TIMESTAMP '2025-01-09 14:20:00');
INSERT INTO "PLUGIN_TEST_OWNER"."PLUGIN_TEST_USERS" VALUES (5, 'Wang Xiaoming', NULL, 'Support', NULL, TIMESTAMP '2025-01-12 11:00:00');
INSERT INTO "PLUGIN_TEST_OWNER"."PLUGIN_TEST_USERS" VALUES (6, 'Emma and Co.', 'emma+test@example.com', 'Marketing', 15100.75, TIMESTAMP '2025-01-15 16:40:00');
INSERT INTO "PLUGIN_TEST_OWNER"."PLUGIN_TEST_USERS" VALUES (7, 'Chen Chen', 'chen.chen@example.com', 'Engineering', 17650.00, TIMESTAMP '2025-01-18 09:05:00');
INSERT INTO "PLUGIN_TEST_OWNER"."PLUGIN_TEST_USERS" VALUES (8, 'David Brown', 'david.brown@example.com', NULL, 13200.00, TIMESTAMP '2025-01-20 12:15:00');
INSERT INTO "PLUGIN_TEST_OWNER"."PLUGIN_TEST_USERS" VALUES (9, 'Zhao Min', 'zhao.min@example.com', 'Finance', 16900.00, TIMESTAMP '2025-01-23 13:55:00');
INSERT INTO "PLUGIN_TEST_OWNER"."PLUGIN_TEST_USERS" VALUES (10, 'Lea Martin', 'lea.martin@example.com', 'Product', 15800.00, TIMESTAMP '2025-01-26 10:10:00');
INSERT INTO "PLUGIN_TEST_OWNER"."PLUGIN_TEST_USERS" VALUES (11, 'Sun Wukong', 'sun.wukong@example.com', 'Engineering', 21000.00, TIMESTAMP '2025-01-29 08:25:00');
INSERT INTO "PLUGIN_TEST_OWNER"."PLUGIN_TEST_USERS" VALUES (12, 'Noah Kim', NULL, 'Support', 12800.00, TIMESTAMP '2025-02-01 15:30:00');

INSERT INTO "PLUGIN_TEST_OWNER"."PLUGIN_TEST_ORDERS" VALUES (1, 1, 'Dify Pro License', 99.00, 'completed', TIMESTAMP '2025-02-01 09:00:00');
INSERT INTO "PLUGIN_TEST_OWNER"."PLUGIN_TEST_ORDERS" VALUES (2, 1, 'SQL Connector', 29.00, 'completed', TIMESTAMP '2025-02-02 10:00:00');
INSERT INTO "PLUGIN_TEST_OWNER"."PLUGIN_TEST_ORDERS" VALUES (3, 2, 'Workflow Template', 49.50, 'pending', TIMESTAMP '2025-02-03 11:00:00');
INSERT INTO "PLUGIN_TEST_OWNER"."PLUGIN_TEST_ORDERS" VALUES (4, 3, 'Analytics Pack', 199.00, 'completed', TIMESTAMP '2025-02-04 12:00:00');
INSERT INTO "PLUGIN_TEST_OWNER"."PLUGIN_TEST_ORDERS" VALUES (5, 4, 'Team Seats x5', 125.00, 'cancelled', TIMESTAMP '2025-02-05 13:00:00');
INSERT INTO "PLUGIN_TEST_OWNER"."PLUGIN_TEST_ORDERS" VALUES (6, 5, 'Support Add-on', 19.99, 'completed', TIMESTAMP '2025-02-06 14:00:00');
INSERT INTO "PLUGIN_TEST_OWNER"."PLUGIN_TEST_ORDERS" VALUES (7, 6, 'Campaign Kit', 79.00, 'pending', TIMESTAMP '2025-02-07 15:00:00');
INSERT INTO "PLUGIN_TEST_OWNER"."PLUGIN_TEST_ORDERS" VALUES (8, 7, 'API Credits', 250.00, 'completed', TIMESTAMP '2025-02-08 16:00:00');
INSERT INTO "PLUGIN_TEST_OWNER"."PLUGIN_TEST_ORDERS" VALUES (9, 8, 'Starter Plan', 9.99, 'cancelled', TIMESTAMP '2025-02-09 17:00:00');
INSERT INTO "PLUGIN_TEST_OWNER"."PLUGIN_TEST_ORDERS" VALUES (10, 9, 'Finance Dashboard', 159.00, 'completed', TIMESTAMP '2025-02-10 09:30:00');
INSERT INTO "PLUGIN_TEST_OWNER"."PLUGIN_TEST_ORDERS" VALUES (11, 10, 'User Research Kit', 89.00, 'pending', TIMESTAMP '2025-02-11 10:30:00');
INSERT INTO "PLUGIN_TEST_OWNER"."PLUGIN_TEST_ORDERS" VALUES (12, 11, 'Automation Bundle', 299.00, 'completed', TIMESTAMP '2025-02-12 11:30:00');
INSERT INTO "PLUGIN_TEST_OWNER"."PLUGIN_TEST_ORDERS" VALUES (13, 12, 'Help Center Theme', 39.00, 'completed', TIMESTAMP '2025-02-13 12:30:00');
INSERT INTO "PLUGIN_TEST_OWNER"."PLUGIN_TEST_ORDERS" VALUES (14, 1, 'Audit Export', 15.00, 'cancelled', TIMESTAMP '2025-02-14 13:30:00');
INSERT INTO "PLUGIN_TEST_OWNER"."PLUGIN_TEST_ORDERS" VALUES (15, 2, 'Priority Queue', 59.00, 'completed', TIMESTAMP '2025-02-15 14:30:00');
INSERT INTO "PLUGIN_TEST_OWNER"."PLUGIN_TEST_ORDERS" VALUES (16, 3, 'Embedding Credits', 120.00, 'pending', TIMESTAMP '2025-02-16 15:30:00');
INSERT INTO "PLUGIN_TEST_OWNER"."PLUGIN_TEST_ORDERS" VALUES (17, 4, 'Sales Playbook', 45.00, 'completed', TIMESTAMP '2025-02-17 16:30:00');
INSERT INTO "PLUGIN_TEST_OWNER"."PLUGIN_TEST_ORDERS" VALUES (18, 5, 'Knowledge Base', 35.00, 'cancelled', TIMESTAMP '2025-02-18 17:30:00');
INSERT INTO "PLUGIN_TEST_OWNER"."PLUGIN_TEST_ORDERS" VALUES (19, 6, 'Email Integration', 25.00, 'completed', TIMESTAMP '2025-02-19 09:45:00');
INSERT INTO "PLUGIN_TEST_OWNER"."PLUGIN_TEST_ORDERS" VALUES (20, 7, 'Data Retention', 75.00, 'pending', TIMESTAMP '2025-02-20 10:45:00');
INSERT INTO "PLUGIN_TEST_OWNER"."PLUGIN_TEST_ORDERS" VALUES (21, 8, 'Read-only Token', 12.00, 'completed', TIMESTAMP '2025-02-21 11:45:00');
INSERT INTO "PLUGIN_TEST_OWNER"."PLUGIN_TEST_ORDERS" VALUES (22, 9, 'SSO Add-on', 180.00, 'completed', TIMESTAMP '2025-02-22 12:45:00');
INSERT INTO "PLUGIN_TEST_OWNER"."PLUGIN_TEST_ORDERS" VALUES (23, 10, 'Experiment Board', 65.00, 'cancelled', TIMESTAMP '2025-02-23 13:45:00');
INSERT INTO "PLUGIN_TEST_OWNER"."PLUGIN_TEST_ORDERS" VALUES (24, 11, 'Agent Evaluation', 220.00, 'completed', TIMESTAMP '2025-02-24 14:45:00');

INSERT INTO "PLUGIN_TEST_OWNER"."PLUGIN_TEST_LOGS" VALUES (1, 'startup', 'Local test database initialized.', TIMESTAMP '2025-02-01 08:00:00');
INSERT INTO "PLUGIN_TEST_OWNER"."PLUGIN_TEST_LOGS" VALUES (2, 'provider_check', 'DM8 connection verified.', TIMESTAMP '2025-02-01 08:05:00');
INSERT INTO "PLUGIN_TEST_OWNER"."PLUGIN_TEST_LOGS" VALUES (3, 'query', 'SELECT with LIMIT executed.', TIMESTAMP '2025-02-02 09:00:00');
INSERT INTO "PLUGIN_TEST_OWNER"."PLUGIN_TEST_LOGS" VALUES (4, 'query', 'JOIN query executed.', TIMESTAMP '2025-02-03 10:00:00');
INSERT INTO "PLUGIN_TEST_OWNER"."PLUGIN_TEST_LOGS" VALUES (5, 'workflow', 'Workflow integration smoke test.', TIMESTAMP '2025-02-04 11:00:00');
INSERT INTO "PLUGIN_TEST_OWNER"."PLUGIN_TEST_LOGS" VALUES (6, 'warning', 'Sample warning with special chars: !@#$%.', TIMESTAMP '2025-02-05 12:00:00');
INSERT INTO "PLUGIN_TEST_OWNER"."PLUGIN_TEST_LOGS" VALUES (7, 'provider_check', 'Connection lifecycle verified.', TIMESTAMP '2025-02-06 13:00:00');
INSERT INTO "PLUGIN_TEST_OWNER"."PLUGIN_TEST_LOGS" VALUES (8, 'query', 'Aggregation query executed.', TIMESTAMP '2025-02-07 14:00:00');
INSERT INTO "PLUGIN_TEST_OWNER"."PLUGIN_TEST_LOGS" VALUES (9, 'audit', 'Read-only SQL policy checked.', TIMESTAMP '2025-02-08 15:00:00');
INSERT INTO "PLUGIN_TEST_OWNER"."PLUGIN_TEST_LOGS" VALUES (10, 'shutdown', 'Test run completed.', TIMESTAMP '2025-02-09 16:00:00');

GRANT SELECT ON "PLUGIN_TEST_OWNER"."PLUGIN_TEST_USERS" TO "PLUGIN_TEST_USER";
GRANT SELECT ON "PLUGIN_TEST_OWNER"."PLUGIN_TEST_ORDERS" TO "PLUGIN_TEST_USER";
GRANT SELECT ON "PLUGIN_TEST_OWNER"."PLUGIN_TEST_LOGS" TO "PLUGIN_TEST_USER";

COMMIT;

SELECT COUNT(*) AS USER_COUNT FROM "PLUGIN_TEST_OWNER"."PLUGIN_TEST_USERS";
SELECT COUNT(*) AS ORDER_COUNT FROM "PLUGIN_TEST_OWNER"."PLUGIN_TEST_ORDERS";
SELECT COUNT(*) AS LOG_COUNT FROM "PLUGIN_TEST_OWNER"."PLUGIN_TEST_LOGS";
